imdb_id,title,year,imdb_genres,titleType,program_id,import_id,primary_genre
tt37536038,Lego Masters Jr.,2025,"Family, Game-Show",tvMiniSeries,300017090,fox-entertainment,Reality
tt37536038,Lego Masters Jr.,2025,"Family, Game-Show",tvMiniSeries,300017090,fox-entertainment,Reality
tt37536038,Lego Masters Jr.,2025,"Family, Game-Show",tvMiniSeries,300017090,fox-entertainment,Reality
tt37536038,Lego Masters Jr.,2025,"Family, Game-Show",tvMiniSeries,300017090,fox-entertainment,Reality
tt31434878,Totally Funny Kids,2024,"Comedy, Family, Reality-TV",tvSeries,300019113,kinonation,Reality
tt31434931,Totally Funny Animals,2024,"Comedy, Family, Reality-TV",tvSeries,300019111,kinonation,Reality
tt31434931,Totally Funny Animals,2024,"Comedy, Family, Reality-TV",tvSeries,300019111,kinonation,Reality
tt31434878,Totally Funny Kids,2024,"Comedy, Family, Reality-TV",tvSeries,300019113,kinonation,Reality
tt31434878,Totally Funny Kids,2024,"Comedy, Family, Reality-TV",tvSeries,300019113,kinonation,Reality
tt31434878,Totally Funny Kids,2024,"Comedy, Family, Reality-TV",tvSeries,300019113,kinonation,Reality
tt31434878,Totally Funny Kids,2024,"Comedy, Family, Reality-TV",tvSeries,300019113,kinonation,Reality
tt31434878,Totally Funny Kids,2024,"Comedy, Family, Reality-TV",tvSeries,300019113,kinonation,Reality
tt31434878,Totally Funny Kids,2024,"Comedy, Family, Reality-TV",tvSeries,300019113,kinonation,Reality
tt31434931,Totally Funny Animals,2024,"Comedy, Family, Reality-TV",tvSeries,300019111,kinonation,Reality
tt31434878,Totally Funny Kids,2024,"Comedy, Family, Reality-TV",tvSeries,300019113,kinonation,Reality
tt31434931,Totally Funny Animals,2024,"Comedy, Family, Reality-TV",tvSeries,300019111,kinonation,Reality
tt31434878,Totally Funny Kids,2024,"Comedy, Family, Reality-TV",tvSeries,300019113,kinonation,Reality
tt31434878,Totally Funny Kids,2024,"Comedy, Family, Reality-TV",tvSeries,300019113,kinonation,Reality
tt31434878,Totally Funny Kids,2024,"Comedy, Family, Reality-TV",tvSeries,300019113,kinonation,Reality
tt31434931,Totally Funny Animals,2024,"Comedy, Family, Reality-TV",tvSeries,300019111,kinonation,Reality
tt31434931,Totally Funny Animals,2024,"Comedy, Family, Reality-TV",tvSeries,300019111,kinonation,Reality
tt31434931,Totally Funny Animals,2024,"Comedy, Family, Reality-TV",tvSeries,300019111,kinonation,Reality
tt31434931,Totally Funny Animals,2024,"Comedy, Family, Reality-TV",tvSeries,300019111,kinonation,Reality
tt31434931,Totally Funny Animals,2024,"Comedy, Family, Reality-TV",tvSeries,300019111,kinonation,Reality
tt31434878,Totally Funny Kids,2024,"Comedy, Family, Reality-TV",tvSeries,300019113,kinonation,Reality
tt31434878,Totally Funny Kids,2024,"Comedy, Family, Reality-TV",tvSeries,300019113,kinonation,Reality
tt31434878,Totally Funny Kids,2024,"Comedy, Family, Reality-TV",tvSeries,300019113,kinonation,Reality
tt31434931,Totally Funny Animals,2024,"Comedy, Family, Reality-TV",tvSeries,300019111,kinonation,Reality
tt31434931,Totally Funny Animals,2024,"Comedy, Family, Reality-TV",tvSeries,300019111,kinonation,Reality
tt31434931,Totally Funny Animals,2024,"Comedy, Family, Reality-TV",tvSeries,300019111,kinonation,Reality
tt31434878,Totally Funny Kids,2024,"Comedy, Family, Reality-TV",tvSeries,300019113,kinonation,Reality
tt31434878,Totally Funny Kids,2024,"Comedy, Family, Reality-TV",tvSeries,300019113,kinonation,Reality
tt31434931,Totally Funny Animals,2024,"Comedy, Family, Reality-TV",tvSeries,300019111,kinonation,Reality
tt31434931,Totally Funny Animals,2024,"Comedy, Family, Reality-TV",tvSeries,300019111,kinonation,Reality
tt31434931,Totally Funny Animals,2024,"Comedy, Family, Reality-TV",tvSeries,300019111,kinonation,Reality
tt31434931,Totally Funny Animals,2024,"Comedy, Family, Reality-TV",tvSeries,300019111,kinonation,Reality
tt31434931,Totally Funny Animals,2024,"Comedy, Family, Reality-TV",tvSeries,300019111,kinonation,Reality
tt31434931,Totally Funny Animals,2024,"Comedy, Family, Reality-TV",tvSeries,300019111,kinonation,Reality
tt31434878,Totally Funny Kids,2024,"Comedy, Family, Reality-TV",tvSeries,300019113,kinonation,Reality
tt31434878,Totally Funny Kids,2024,"Comedy, Family, Reality-TV",tvSeries,300019113,kinonation,Reality
tt31434878,Totally Funny Kids,2024,"Comedy, Family, Reality-TV",tvSeries,300019113,kinonation,Reality
tt31434931,Totally Funny Animals,2024,"Comedy, Family, Reality-TV",tvSeries,300019111,kinonation,Reality
tt31434878,Totally Funny Kids,2024,"Comedy, Family, Reality-TV",tvSeries,300019113,kinonation,Reality
tt31434931,Totally Funny Animals,2024,"Comedy, Family, Reality-TV",tvSeries,300019111,kinonation,Reality
tt31434931,Totally Funny Animals,2024,"Comedy, Family, Reality-TV",tvSeries,300019111,kinonation,Reality
tt31434931,Totally Funny Animals,2024,"Comedy, Family, Reality-TV",tvSeries,300019111,kinonation,Reality
tt31434878,Totally Funny Kids,2024,"Comedy, Family, Reality-TV",tvSeries,300019113,kinonation,Reality
tt31434878,Totally Funny Kids,2024,"Comedy, Family, Reality-TV",tvSeries,300019113,kinonation,Reality
tt31434878,Totally Funny Kids,2024,"Comedy, Family, Reality-TV",tvSeries,300019113,kinonation,Reality
tt31434931,Totally Funny Animals,2024,"Comedy, Family, Reality-TV",tvSeries,300019111,kinonation,Reality
tt31434878,Totally Funny Kids,2024,"Comedy, Family, Reality-TV",tvSeries,300019113,kinonation,Reality
tt31434931,Totally Funny Animals,2024,"Comedy, Family, Reality-TV",tvSeries,300019111,kinonation,Reality
tt31434931,Totally Funny Animals,2024,"Comedy, Family, Reality-TV",tvSeries,300019111,kinonation,Reality
tt31434931,Totally Funny Animals,2024,"Comedy, Family, Reality-TV",tvSeries,300019111,kinonation,Reality
tt31434878,Totally Funny Kids,2024,"Comedy, Family, Reality-TV",tvSeries,300019113,kinonation,Reality
tt31434878,Totally Funny Kids,2024,"Comedy, Family, Reality-TV",tvSeries,300019113,kinonation,Reality
tt30431173,MasterChef Junior: Home for the Holidays,2023,Reality-TV,tvSeries,300002167,fox-entertainment,
tt30431173,MasterChef Junior: Home for the Holidays,2023,Reality-TV,tvSeries,300002167,fox-entertainment,
tt30431173,MasterChef Junior: Home for the Holidays,2023,Reality-TV,tvSeries,300002167,fox-entertainment,
tt30431173,MasterChef Junior: Home for the Holidays,2023,Reality-TV,tvSeries,300002167,fox-entertainment,
tt18266172,Guts and Glory,2022,Reality-TV,tvSeries,300018870,kinonation,Reality
tt18266172,Guts and Glory,2022,Reality-TV,tvSeries,300018870,kinonation,Reality
tt18266172,Guts and Glory,2022,Reality-TV,tvSeries,300018870,kinonation,Reality
tt18266172,Guts and Glory,2022,Reality-TV,tvSeries,300018870,kinonation,Reality
tt18266172,Guts and Glory,2022,Reality-TV,tvSeries,300018870,kinonation,Reality
tt13836352,Holmes Family Effect,2021,"Family, Reality-TV",tvSeries,300013415,ammo-content,Reality
tt13836352,Holmes Family Effect,2021,"Family, Reality-TV",tvSeries,300013415,ammo-content,Reality
tt13836352,Holmes Family Effect,2021,"Family, Reality-TV",tvSeries,300013415,ammo-content,Reality
tt13836352,Holmes Family Effect,2021,"Family, Reality-TV",tvSeries,300013415,tubi-internal-epg,Reality
tt13836352,Holmes Family Effect,2021,"Family, Reality-TV",tvSeries,300013415,tubi-internal-epg,Reality
tt13836352,Holmes Family Effect,2021,"Family, Reality-TV",tvSeries,300013415,ammo-content,Reality
tt13160256,Life 2.0,2020,"Documentary, Family, Reality-TV",tvSeries,300006784,total-content-digital,Documentary
tt13160256,Life 2.0,2020,"Documentary, Family, Reality-TV",tvSeries,300006784,total-content-digital,Documentary
tt13160256,Life 2.0,2020,"Documentary, Family, Reality-TV",tvSeries,300006784,total-content-digital,Documentary
tt13160256,Life 2.0,2020,"Documentary, Family, Reality-TV",tvSeries,300006784,total-content-digital,Documentary
tt13160256,Life 2.0,2020,"Documentary, Family, Reality-TV",tvSeries,300006784,total-content-digital,Documentary
tt13160256,Life 2.0,2020,"Documentary, Family, Reality-TV",tvSeries,300006784,total-content-digital,Documentary
tt13160256,Life 2.0,2020,"Documentary, Family, Reality-TV",tvSeries,300006784,total-content-digital,Documentary
tt13160256,Life 2.0,2020,"Documentary, Family, Reality-TV",tvSeries,300006784,total-content-digital,Documentary
tt13160256,Life 2.0,2020,"Documentary, Family, Reality-TV",tvSeries,300006784,total-content-digital,Documentary
tt13160256,Life 2.0,2020,"Documentary, Family, Reality-TV",tvSeries,300006784,total-content-digital,Documentary
tt13160256,Life 2.0,2020,"Documentary, Family, Reality-TV",tvSeries,300006784,total-content-digital,Documentary
tt7670568,The Masked Singer,2019,"Family, Music, Reality-TV",tvSeries,300005163,fox-entertainment,Reality
tt13253120,Outrageous Pumpkins,2019,"Family, Reality-TV",tvSeries,300013293,tubi-internal-epg,
tt7670568,The Masked Singer,2019,"Family, Music, Reality-TV",tvSeries,300005163,fox-entertainment,Reality
tt7670568,The Masked Singer,2019,"Family, Music, Reality-TV",tvSeries,300005163,fox-entertainment,Reality
tt7670568,The Masked Singer,2019,"Family, Music, Reality-TV",tvSeries,300005163,fox-entertainment,Reality
tt7670568,The Masked Singer,2019,"Family, Music, Reality-TV",tvSeries,300005163,tubi-internal-epg,Reality
tt7670568,The Masked Singer,2019,"Family, Music, Reality-TV",tvSeries,300005163,fox-entertainment,Reality
tt7670568,The Masked Singer,2019,"Family, Music, Reality-TV",tvSeries,300005163,fox-entertainment,Reality
tt7670568,The Masked Singer,2019,"Family, Music, Reality-TV",tvSeries,300005163,fox-entertainment,Reality
tt13253120,Outrageous Pumpkins,2019,"Family, Reality-TV",tvSeries,300013293,warner-bros-standard,
tt13253120,Outrageous Pumpkins,2019,"Family, Reality-TV",tvSeries,300013293,warner-bros-standard,
tt7670568,The Masked Singer,2019,"Family, Music, Reality-TV",tvSeries,300005163,fox-entertainment,Reality
tt7670568,The Masked Singer,2019,"Family, Music, Reality-TV",tvSeries,300005163,fox-entertainment,Reality
tt7670568,The Masked Singer,2019,"Family, Music, Reality-TV",tvSeries,300005163,fox-entertainment,Reality
tt7670568,The Masked Singer,2019,"Family, Music, Reality-TV",tvSeries,300005163,fox-entertainment,Reality
tt7670568,The Masked Singer,2019,"Family, Music, Reality-TV",tvSeries,300017977,shorthand-creator,Reality
tt7670568,The Masked Singer,2019,"Family, Music, Reality-TV",tvSeries,300018162,shorthand-creator,Reality
tt7670568,The Masked Singer,2019,"Family, Music, Reality-TV",tvSeries,300018162,shorthand-creator,Reality
tt7670568,The Masked Singer,2019,"Family, Music, Reality-TV",tvSeries,300005163,fox-entertainment,Reality
tt7670568,The Masked Singer,2019,"Family, Music, Reality-TV",tvSeries,300018162,shorthand-creator,Reality
tt7670568,The Masked Singer,2019,"Family, Music, Reality-TV",tvSeries,300005163,fox-entertainment,Reality
tt7670568,The Masked Singer,2019,"Family, Music, Reality-TV",tvSeries,300005163,fox-entertainment,Reality
tt7670568,The Masked Singer,2019,"Family, Music, Reality-TV",tvSeries,300005163,tubi-internal-epg,Reality
tt7670568,The Masked Singer,2019,"Family, Music, Reality-TV",tvSeries,300018162,shorthand-creator,Reality
tt7670568,The Masked Singer,2019,"Family, Music, Reality-TV",tvSeries,300005163,fox-entertainment,Reality
tt7670568,The Masked Singer,2019,"Family, Music, Reality-TV",tvSeries,300005163,fox-entertainment,Reality
tt7670568,The Masked Singer,2019,"Family, Music, Reality-TV",tvSeries,300005163,fox-entertainment,Reality
tt10196500,Turquoise Fever,2019,"Family, Reality-TV, Western",tvSeries,300016652,imagicomm-entertainment,Reality
tt7670568,The Masked Singer,2019,"Family, Music, Reality-TV",tvSeries,300017977,shorthand-creator,Reality
tt13253120,Outrageous Pumpkins,2019,"Family, Reality-TV",tvSeries,300013293,warner-bros-standard,
tt7670568,The Masked Singer,2019,"Family, Music, Reality-TV",tvSeries,300005163,tubi-internal-epg,Reality
tt13253120,Outrageous Pumpkins,2019,"Family, Reality-TV",tvSeries,300013293,warner-bros-standard,
tt7670568,The Masked Singer,2019,"Family, Music, Reality-TV",tvSeries,300005163,fox-entertainment,Reality
tt7670568,The Masked Singer,2019,"Family, Music, Reality-TV",tvSeries,300005163,fox-entertainment,Reality
tt7670568,The Masked Singer,2019,"Family, Music, Reality-TV",tvSeries,300018162,shorthand-creator,Reality
tt7670568,The Masked Singer,2019,"Family, Music, Reality-TV",tvSeries,300005163,fox-entertainment,Reality
tt7670568,The Masked Singer,2019,"Family, Music, Reality-TV",tvSeries,300005163,fox-entertainment,Reality
tt7670568,The Masked Singer,2019,"Family, Music, Reality-TV",tvSeries,300005085,fox,Reality
tt7670568,The Masked Singer,2019,"Family, Music, Reality-TV",tvSeries,300005163,fox-entertainment,Reality
tt7670568,The Masked Singer,2019,"Family, Music, Reality-TV",tvSeries,300005163,tubi-internal-epg,Reality
tt7670568,The Masked Singer,2019,"Family, Music, Reality-TV",tvSeries,300005163,tubi-internal-epg,Reality
tt7670568,The Masked Singer,2019,"Family, Music, Reality-TV",tvSeries,300005163,fox-entertainment,Reality
tt7670568,The Masked Singer,2019,"Family, Music, Reality-TV",tvSeries,300005163,fox-entertainment,Reality
tt7670568,The Masked Singer,2019,"Family, Music, Reality-TV",tvSeries,300005163,fox-entertainment,Reality
tt7670568,The Masked Singer,2019,"Family, Music, Reality-TV",tvSeries,300005163,tubi-internal-epg,Reality
tt7670568,The Masked Singer,2019,"Family, Music, Reality-TV",tvSeries,300005163,fox-entertainment,Reality
tt7670568,The Masked Singer,2019,"Family, Music, Reality-TV",tvSeries,300018162,shorthand-creator,Reality
tt7670568,The Masked Singer,2019,"Family, Music, Reality-TV",tvSeries,300005163,fox-entertainment,Reality
tt7670568,The Masked Singer,2019,"Family, Music, Reality-TV",tvSeries,300005163,fox-entertainment,Reality
tt7670568,The Masked Singer,2019,"Family, Music, Reality-TV",tvSeries,300005163,fox-entertainment,Reality
tt7670568,The Masked Singer,2019,"Family, Music, Reality-TV",tvSeries,300018162,shorthand-creator,Reality
tt7670568,The Masked Singer,2019,"Family, Music, Reality-TV",tvSeries,300005163,fox-entertainment,Reality
tt7670568,The Masked Singer,2019,"Family, Music, Reality-TV",tvSeries,300005163,fox-entertainment,Reality
tt7670568,The Masked Singer,2019,"Family, Music, Reality-TV",tvSeries,300005163,tubi-internal-epg,Reality
tt7670568,The Masked Singer,2019,"Family, Music, Reality-TV",tvSeries,300005163,fox-entertainment,Reality
tt7670568,The Masked Singer,2019,"Family, Music, Reality-TV",tvSeries,300017977,shorthand-creator,Reality
tt7670568,The Masked Singer,2019,"Family, Music, Reality-TV",tvSeries,300005163,tubi-internal-epg,Reality
tt7670568,The Masked Singer,2019,"Family, Music, Reality-TV",tvSeries,300005163,fox-entertainment,Reality
tt10196500,Turquoise Fever,2019,"Family, Reality-TV, Western",tvSeries,300016652,imagicomm-entertainment,Reality
tt7670568,The Masked Singer,2019,"Family, Music, Reality-TV",tvSeries,300005163,fox-entertainment,Reality
tt7670568,The Masked Singer,2019,"Family, Music, Reality-TV",tvSeries,300005163,tubi-internal-epg,Reality
tt7670568,The Masked Singer,2019,"Family, Music, Reality-TV",tvSeries,300005163,fox-entertainment,Reality
tt7670568,The Masked Singer,2019,"Family, Music, Reality-TV",tvSeries,300005163,fox-entertainment,Reality
tt7670568,The Masked Singer,2019,"Family, Music, Reality-TV",tvSeries,300018162,shorthand-creator,Reality
tt7670568,The Masked Singer,2019,"Family, Music, Reality-TV",tvSeries,300005163,fox-entertainment,Reality
tt7670568,The Masked Singer,2019,"Family, Music, Reality-TV",tvSeries,300005163,fox-entertainment,Reality
tt7670568,The Masked Singer,2019,"Family, Music, Reality-TV",tvSeries,300005163,fox-entertainment,Reality
tt7670568,The Masked Singer,2019,"Family, Music, Reality-TV",tvSeries,300005163,fox-entertainment,Reality
tt7670568,The Masked Singer,2019,"Family, Music, Reality-TV",tvSeries,300005163,fox-entertainment,Reality
tt7670568,The Masked Singer,2019,"Family, Music, Reality-TV",tvSeries,300005163,tubi-internal-epg,Reality
tt7670568,The Masked Singer,2019,"Family, Music, Reality-TV",tvSeries,300005163,tubi-internal-epg,Reality
tt7670568,The Masked Singer,2019,"Family, Music, Reality-TV",tvSeries,300017977,shorthand-creator,Reality
tt7670568,The Masked Singer,2019,"Family, Music, Reality-TV",tvSeries,300005163,fox-entertainment,Reality
tt7670568,The Masked Singer,2019,"Family, Music, Reality-TV",tvSeries,300005163,fox-entertainment,Reality
tt7670568,The Masked Singer,2019,"Family, Music, Reality-TV",tvSeries,300005163,fox-entertainment,Reality
tt7670568,The Masked Singer,2019,"Family, Music, Reality-TV",tvSeries,300005163,tubi-internal-epg,Reality
tt7670568,The Masked Singer,2019,"Family, Music, Reality-TV",tvSeries,300005163,tubi-internal-epg,Reality
tt7670568,The Masked Singer,2019,"Family, Music, Reality-TV",tvSeries,300005163,fox-entertainment,Reality
tt7670568,The Masked Singer,2019,"Family, Music, Reality-TV",tvSeries,300005163,fox-entertainment,Reality
tt7670568,The Masked Singer,2019,"Family, Music, Reality-TV",tvSeries,300005163,fox-entertainment,Reality
tt7670568,The Masked Singer,2019,"Family, Music, Reality-TV",tvSeries,300005163,fox-entertainment,Reality
tt7670568,The Masked Singer,2019,"Family, Music, Reality-TV",tvSeries,300018162,shorthand-creator,Reality
tt7670568,The Masked Singer,2019,"Family, Music, Reality-TV",tvSeries,300005163,fox-entertainment,Reality
tt7670568,The Masked Singer,2019,"Family, Music, Reality-TV",tvSeries,300005163,fox-entertainment,Reality
tt7670568,The Masked Singer,2019,"Family, Music, Reality-TV",tvSeries,300018162,shorthand-creator,Reality
tt7670568,The Masked Singer,2019,"Family, Music, Reality-TV",tvSeries,300005163,fox-entertainment,Reality
tt7670568,The Masked Singer,2019,"Family, Music, Reality-TV",tvSeries,300005163,fox-entertainment,Reality
tt7670568,The Masked Singer,2019,"Family, Music, Reality-TV",tvSeries,300018162,shorthand-creator,Reality
tt7670568,The Masked Singer,2019,"Family, Music, Reality-TV",tvSeries,300005163,fox-entertainment,Reality
tt7670568,The Masked Singer,2019,"Family, Music, Reality-TV",tvSeries,300005163,fox-entertainment,Reality
tt7670568,The Masked Singer,2019,"Family, Music, Reality-TV",tvSeries,300005163,fox-entertainment,Reality
tt7670568,The Masked Singer,2019,"Family, Music, Reality-TV",tvSeries,300017977,shorthand-creator,Reality
tt10196500,Turquoise Fever,2019,"Family, Reality-TV, Western",tvSeries,300005089,imagicomm-entertainment,Reality
tt7670568,The Masked Singer,2019,"Family, Music, Reality-TV",tvSeries,300005163,fox-entertainment,Reality
tt10196500,Turquoise Fever,2019,"Family, Reality-TV, Western",tvSeries,300016652,imagicomm-entertainment,Reality
tt7670568,The Masked Singer,2019,"Family, Music, Reality-TV",tvSeries,300005163,tubi-internal-epg,Reality
tt7670568,The Masked Singer,2019,"Family, Music, Reality-TV",tvSeries,300005163,fox-entertainment,Reality
tt7670568,The Masked Singer,2019,"Family, Music, Reality-TV",tvSeries,300005163,fox-entertainment,Reality
tt7670568,The Masked Singer,2019,"Family, Music, Reality-TV",tvSeries,300005163,fox-entertainment,Reality
tt7670568,The Masked Singer,2019,"Family, Music, Reality-TV",tvSeries,300005163,fox-entertainment,Reality
tt7670568,The Masked Singer,2019,"Family, Music, Reality-TV",tvSeries,300017977,shorthand-creator,Reality
tt7670568,The Masked Singer,2019,"Family, Music, Reality-TV",tvSeries,300017977,shorthand-creator,Reality
tt7670568,The Masked Singer,2019,"Family, Music, Reality-TV",tvSeries,300017977,shorthand-creator,Reality
tt7670568,The Masked Singer,2019,"Family, Music, Reality-TV",tvSeries,300005163,tubi-internal-epg,Reality
tt7670568,The Masked Singer,2019,"Family, Music, Reality-TV",tvSeries,300005163,fox-entertainment,Reality
tt7670568,The Masked Singer,2019,"Family, Music, Reality-TV",tvSeries,300005163,fox-entertainment,Reality
tt7670568,The Masked Singer,2019,"Family, Music, Reality-TV",tvSeries,300005163,fox-entertainment,Reality
tt7670568,The Masked Singer,2019,"Family, Music, Reality-TV",tvSeries,300018162,shorthand-creator,Reality
tt7670568,The Masked Singer,2019,"Family, Music, Reality-TV",tvSeries,300005163,fox-entertainment,Reality
tt7670568,The Masked Singer,2019,"Family, Music, Reality-TV",tvSeries,300005163,fox-entertainment,Reality
tt7670568,The Masked Singer,2019,"Family, Music, Reality-TV",tvSeries,300005163,tubi-internal-epg,Reality
tt7670568,The Masked Singer,2019,"Family, Music, Reality-TV",tvSeries,300005163,fox-entertainment,Reality
tt7670568,The Masked Singer,2019,"Family, Music, Reality-TV",tvSeries,300018162,shorthand-creator,Reality
tt7670568,The Masked Singer,2019,"Family, Music, Reality-TV",tvSeries,300005163,fox-entertainment,Reality
tt7670568,The Masked Singer,2019,"Family, Music, Reality-TV",tvSeries,300017977,shorthand-creator,Reality
tt7670568,The Masked Singer,2019,"Family, Music, Reality-TV",tvSeries,300005163,fox-entertainment,Reality
tt7670568,The Masked Singer,2019,"Family, Music, Reality-TV",tvSeries,300017977,shorthand-creator,Reality
tt7670568,The Masked Singer,2019,"Family, Music, Reality-TV",tvSeries,300018162,shorthand-creator,Reality
tt7670568,The Masked Singer,2019,"Family, Music, Reality-TV",tvSeries,300018162,shorthand-creator,Reality
tt7670568,The Masked Singer,2019,"Family, Music, Reality-TV",tvSeries,300005163,fox-entertainment,Reality
tt7670568,The Masked Singer,2019,"Family, Music, Reality-TV",tvSeries,300005163,fox-entertainment,Reality
tt7670568,The Masked Singer,2019,"Family, Music, Reality-TV",tvSeries,300018162,shorthand-creator,Reality
tt7670568,The Masked Singer,2019,"Family, Music, Reality-TV",tvSeries,300005163,fox-entertainment,Reality
tt7670568,The Masked Singer,2019,"Family, Music, Reality-TV",tvSeries,300005163,fox-entertainment,Reality
tt7670568,The Masked Singer,2019,"Family, Music, Reality-TV",tvSeries,300005163,fox-entertainment,Reality
tt10196500,Turquoise Fever,2019,"Family, Reality-TV, Western",tvSeries,300016652,imagicomm-entertainment,Reality
tt7670568,The Masked Singer,2019,"Family, Music, Reality-TV",tvSeries,300018162,shorthand-creator,Reality
tt7670568,The Masked Singer,2019,"Family, Music, Reality-TV",tvSeries,300005163,fox-entertainment,Reality
tt7670568,The Masked Singer,2019,"Family, Music, Reality-TV",tvSeries,300005163,fox-entertainment,Reality
tt7670568,The Masked Singer,2019,"Family, Music, Reality-TV",tvSeries,300005163,fox-entertainment,Reality
tt7670568,The Masked Singer,2019,"Family, Music, Reality-TV",tvSeries,300005163,tubi-internal-epg,Reality
tt7670568,The Masked Singer,2019,"Family, Music, Reality-TV",tvSeries,300005163,tubi-internal-epg,Reality
tt7670568,The Masked Singer,2019,"Family, Music, Reality-TV",tvSeries,300005163,tubi-internal-epg,Reality
tt7670568,The Masked Singer,2019,"Family, Music, Reality-TV",tvSeries,300017977,shorthand-creator,Reality
tt7670568,The Masked Singer,2019,"Family, Music, Reality-TV",tvSeries,300005163,fox-entertainment,Reality
tt7670568,The Masked Singer,2019,"Family, Music, Reality-TV",tvSeries,300005163,fox-entertainment,Reality
tt7670568,The Masked Singer,2019,"Family, Music, Reality-TV",tvSeries,300005163,tubi-internal-epg,Reality
tt7670568,The Masked Singer,2019,"Family, Music, Reality-TV",tvSeries,300005163,fox-entertainment,Reality
tt7670568,The Masked Singer,2019,"Family, Music, Reality-TV",tvSeries,300005163,fox-entertainment,Reality
tt7670568,The Masked Singer,2019,"Family, Music, Reality-TV",tvSeries,300005163,fox-entertainment,Reality
tt10196500,Turquoise Fever,2019,"Family, Reality-TV, Western",tvSeries,300005089,imagicomm-entertainment,Reality
tt7670568,The Masked Singer,2019,"Family, Music, Reality-TV",tvSeries,300005163,fox-entertainment,Reality
tt7670568,The Masked Singer,2019,"Family, Music, Reality-TV",tvSeries,300005163,fox-entertainment,Reality
tt7670568,The Masked Singer,2019,"Family, Music, Reality-TV",tvSeries,300005163,fox-entertainment,Reality
tt7670568,The Masked Singer,2019,"Family, Music, Reality-TV",tvSeries,300005163,fox-entertainment,Reality
tt13253120,Outrageous Pumpkins,2019,"Family, Reality-TV",tvSeries,300013293,warner-bros-standard,
tt7670568,The Masked Singer,2019,"Family, Music, Reality-TV",tvSeries,300017977,shorthand-creator,Reality
tt10196500,Turquoise Fever,2019,"Family, Reality-TV, Western",tvSeries,300005089,imagicomm-entertainment,Reality
tt7670568,The Masked Singer,2019,"Family, Music, Reality-TV",tvSeries,300005163,fox-entertainment,Reality
tt7670568,The Masked Singer,2019,"Family, Music, Reality-TV",tvSeries,300005163,fox-entertainment,Reality
tt7670568,The Masked Singer,2019,"Family, Music, Reality-TV",tvSeries,300005163,fox-entertainment,Reality
tt7670568,The Masked Singer,2019,"Family, Music, Reality-TV",tvSeries,300005163,tubi-internal-epg,Reality
tt7670568,The Masked Singer,2019,"Family, Music, Reality-TV",tvSeries,300005163,tubi-internal-epg,Reality
tt7670568,The Masked Singer,2019,"Family, Music, Reality-TV",tvSeries,300018162,shorthand-creator,Reality
tt7670568,The Masked Singer,2019,"Family, Music, Reality-TV",tvSeries,300005163,fox-entertainment,Reality
tt7670568,The Masked Singer,2019,"Family, Music, Reality-TV",tvSeries,300005163,fox-entertainment,Reality
tt7670568,The Masked Singer,2019,"Family, Music, Reality-TV",tvSeries,300005163,fox-entertainment,Reality
tt7670568,The Masked Singer,2019,"Family, Music, Reality-TV",tvSeries,300017977,shorthand-creator,Reality
tt7670568,The Masked Singer,2019,"Family, Music, Reality-TV",tvSeries,300005163,fox-entertainment,Reality
tt7670568,The Masked Singer,2019,"Family, Music, Reality-TV",tvSeries,300005163,fox-entertainment,Reality
tt7670568,The Masked Singer,2019,"Family, Music, Reality-TV",tvSeries,300005163,tubi-internal-epg,Reality
tt7670568,The Masked Singer,2019,"Family, Music, Reality-TV",tvSeries,300005163,fox-entertainment,Reality
tt7670568,The Masked Singer,2019,"Family, Music, Reality-TV",tvSeries,300017977,shorthand-creator,Reality
tt7670568,The Masked Singer,2019,"Family, Music, Reality-TV",tvSeries,300018162,shorthand-creator,Reality
tt7670568,The Masked Singer,2019,"Family, Music, Reality-TV",tvSeries,300005163,fox-entertainment,Reality
tt7670568,The Masked Singer,2019,"Family, Music, Reality-TV",tvSeries,300005163,fox-entertainment,Reality
tt7670568,The Masked Singer,2019,"Family, Music, Reality-TV",tvSeries,300005163,fox-entertainment,Reality
tt7670568,The Masked Singer,2019,"Family, Music, Reality-TV",tvSeries,300005163,fox-entertainment,Reality
tt7670568,The Masked Singer,2019,"Family, Music, Reality-TV",tvSeries,300005163,fox-entertainment,Reality
tt7670568,The Masked Singer,2019,"Family, Music, Reality-TV",tvSeries,300005163,fox-entertainment,Reality
tt7670568,The Masked Singer,2019,"Family, Music, Reality-TV",tvSeries,300005163,fox-entertainment,Reality
tt7670568,The Masked Singer,2019,"Family, Music, Reality-TV",tvSeries,300005163,fox-entertainment,Reality
tt7670568,The Masked Singer,2019,"Family, Music, Reality-TV",tvSeries,300018162,shorthand-creator,Reality
tt7670568,The Masked Singer,2019,"Family, Music, Reality-TV",tvSeries,300005163,fox-entertainment,Reality
tt7670568,The Masked Singer,2019,"Family, Music, Reality-TV",tvSeries,300005163,tubi-internal-epg,Reality
tt7670568,The Masked Singer,2019,"Family, Music, Reality-TV",tvSeries,300005163,fox-entertainment,Reality
tt7670568,The Masked Singer,2019,"Family, Music, Reality-TV",tvSeries,300017977,shorthand-creator,Reality
tt7670568,The Masked Singer,2019,"Family, Music, Reality-TV",tvSeries,300005163,fox-entertainment,Reality
tt7670568,The Masked Singer,2019,"Family, Music, Reality-TV",tvSeries,300005163,fox-entertainment,Reality
tt7670568,The Masked Singer,2019,"Family, Music, Reality-TV",tvSeries,300005163,fox-entertainment,Reality
tt7670568,The Masked Singer,2019,"Family, Music, Reality-TV",tvSeries,300005163,fox-entertainment,Reality
tt10196500,Turquoise Fever,2019,"Family, Reality-TV, Western",tvSeries,300005089,imagicomm-entertainment,Reality
tt7670568,The Masked Singer,2019,"Family, Music, Reality-TV",tvSeries,300005163,fox-entertainment,Reality
tt10196500,Turquoise Fever,2019,"Family, Reality-TV, Western",tvSeries,300005089,imagicomm-entertainment,Reality
tt7670568,The Masked Singer,2019,"Family, Music, Reality-TV",tvSeries,300005163,fox-entertainment,Reality
tt7670568,The Masked Singer,2019,"Family, Music, Reality-TV",tvSeries,300005163,fox-entertainment,Reality
tt7670568,The Masked Singer,2019,"Family, Music, Reality-TV",tvSeries,300005163,fox-entertainment,Reality
tt7670568,The Masked Singer,2019,"Family, Music, Reality-TV",tvSeries,300005163,fox-entertainment,Reality
tt7670568,The Masked Singer,2019,"Family, Music, Reality-TV",tvSeries,300005163,fox-entertainment,Reality
tt7670568,The Masked Singer,2019,"Family, Music, Reality-TV",tvSeries,300017977,shorthand-creator,Reality
tt7670568,The Masked Singer,2019,"Family, Music, Reality-TV",tvSeries,300005163,fox-entertainment,Reality
tt7670568,The Masked Singer,2019,"Family, Music, Reality-TV",tvSeries,300005163,fox-entertainment,Reality
tt7670568,The Masked Singer,2019,"Family, Music, Reality-TV",tvSeries,300005163,tubi-internal-epg,Reality
tt7670568,The Masked Singer,2019,"Family, Music, Reality-TV",tvSeries,300005163,tubi-internal-epg,Reality
tt7670568,The Masked Singer,2019,"Family, Music, Reality-TV",tvSeries,300017977,shorthand-creator,Reality
tt7670568,The Masked Singer,2019,"Family, Music, Reality-TV",tvSeries,300017977,shorthand-creator,Reality
tt7670568,The Masked Singer,2019,"Family, Music, Reality-TV",tvSeries,300005163,tubi-internal-epg,Reality
tt7670568,The Masked Singer,2019,"Family, Music, Reality-TV",tvSeries,300005163,fox-entertainment,Reality
tt7670568,The Masked Singer,2019,"Family, Music, Reality-TV",tvSeries,300017977,shorthand-creator,Reality
tt7670568,The Masked Singer,2019,"Family, Music, Reality-TV",tvSeries,300005163,fox-entertainment,Reality
tt7670568,The Masked Singer,2019,"Family, Music, Reality-TV",tvSeries,300005163,fox-entertainment,Reality
tt7670568,The Masked Singer,2019,"Family, Music, Reality-TV",tvSeries,300005163,tubi-internal-epg,Reality
tt7670568,The Masked Singer,2019,"Family, Music, Reality-TV",tvSeries,300005163,fox-entertainment,Reality
tt7670568,The Masked Singer,2019,"Family, Music, Reality-TV",tvSeries,300005163,fox-entertainment,Reality
tt7670568,The Masked Singer,2019,"Family, Music, Reality-TV",tvSeries,300005163,fox-entertainment,Reality
tt7670568,The Masked Singer,2019,"Family, Music, Reality-TV",tvSeries,300005163,tubi-internal-epg,Reality
tt7670568,The Masked Singer,2019,"Family, Music, Reality-TV",tvSeries,300005163,fox-entertainment,Reality
tt10196500,Turquoise Fever,2019,"Family, Reality-TV, Western",tvSeries,300016652,imagicomm-entertainment,Reality
tt7670568,The Masked Singer,2019,"Family, Music, Reality-TV",tvSeries,300005163,fox-entertainment,Reality
tt7670568,The Masked Singer,2019,"Family, Music, Reality-TV",tvSeries,300005163,fox-entertainment,Reality
tt7670568,The Masked Singer,2019,"Family, Music, Reality-TV",tvSeries,300005163,fox-entertainment,Reality
tt7670568,The Masked Singer,2019,"Family, Music, Reality-TV",tvSeries,300005163,fox-entertainment,Reality
tt7670568,The Masked Singer,2019,"Family, Music, Reality-TV",tvSeries,300005163,fox-entertainment,Reality
tt7670568,The Masked Singer,2019,"Family, Music, Reality-TV",tvSeries,300005163,fox-entertainment,Reality
tt7670568,The Masked Singer,2019,"Family, Music, Reality-TV",tvSeries,300005163,fox-entertainment,Reality
tt7670568,The Masked Singer,2019,"Family, Music, Reality-TV",tvSeries,300017977,shorthand-creator,Reality
tt7670568,The Masked Singer,2019,"Family, Music, Reality-TV",tvSeries,300005163,fox-entertainment,Reality
tt7670568,The Masked Singer,2019,"Family, Music, Reality-TV",tvSeries,300017977,shorthand-creator,Reality
tt7670568,The Masked Singer,2019,"Family, Music, Reality-TV",tvSeries,300005163,fox-entertainment,Reality
tt7670568,The Masked Singer,2019,"Family, Music, Reality-TV",tvSeries,300005163,fox-entertainment,Reality
tt7670568,The Masked Singer,2019,"Family, Music, Reality-TV",tvSeries,300005163,fox-entertainment,Reality
tt7670568,The Masked Singer,2019,"Family, Music, Reality-TV",tvSeries,300005163,fox-entertainment,Reality
tt7670568,The Masked Singer,2019,"Family, Music, Reality-TV",tvSeries,300005163,fox-entertainment,Reality
tt7670568,The Masked Singer,2019,"Family, Music, Reality-TV",tvSeries,300005163,fox-entertainment,Reality
tt7670568,The Masked Singer,2019,"Family, Music, Reality-TV",tvSeries,300005163,fox-entertainment,Reality
tt7670568,The Masked Singer,2019,"Family, Music, Reality-TV",tvSeries,300005163,fox-entertainment,Reality
tt10196500,Turquoise Fever,2019,"Family, Reality-TV, Western",tvSeries,300005089,imagicomm-entertainment,Reality
tt7670568,The Masked Singer,2019,"Family, Music, Reality-TV",tvSeries,300017977,shorthand-creator,Reality
tt7670568,The Masked Singer,2019,"Family, Music, Reality-TV",tvSeries,300005163,fox-entertainment,Reality
tt7670568,The Masked Singer,2019,"Family, Music, Reality-TV",tvSeries,300005163,fox-entertainment,Reality
tt7670568,The Masked Singer,2019,"Family, Music, Reality-TV",tvSeries,300005163,fox-entertainment,Reality
tt7670568,The Masked Singer,2019,"Family, Music, Reality-TV",tvSeries,300017977,shorthand-creator,Reality
tt7670568,The Masked Singer,2019,"Family, Music, Reality-TV",tvSeries,300005163,fox-entertainment,Reality
tt7670568,The Masked Singer,2019,"Family, Music, Reality-TV",tvSeries,300017977,shorthand-creator,Reality
tt7670568,The Masked Singer,2019,"Family, Music, Reality-TV",tvSeries,300018162,shorthand-creator,Reality
tt10196500,Turquoise Fever,2019,"Family, Reality-TV, Western",tvSeries,300016652,imagicomm-entertainment,Reality
tt7670568,The Masked Singer,2019,"Family, Music, Reality-TV",tvSeries,300005163,fox-entertainment,Reality
tt7670568,The Masked Singer,2019,"Family, Music, Reality-TV",tvSeries,300005163,fox-entertainment,Reality
tt7670568,The Masked Singer,2019,"Family, Music, Reality-TV",tvSeries,300017977,shorthand-creator,Reality
tt7670568,The Masked Singer,2019,"Family, Music, Reality-TV",tvSeries,300005163,fox-entertainment,Reality
tt7670568,The Masked Singer,2019,"Family, Music, Reality-TV",tvSeries,300018162,shorthand-creator,Reality
tt7670568,The Masked Singer,2019,"Family, Music, Reality-TV",tvSeries,300005163,fox-entertainment,Reality
tt7670568,The Masked Singer,2019,"Family, Music, Reality-TV",tvSeries,300018162,shorthand-creator,Reality
tt7670568,The Masked Singer,2019,"Family, Music, Reality-TV",tvSeries,300005163,fox-entertainment,Reality
tt7670568,The Masked Singer,2019,"Family, Music, Reality-TV",tvSeries,300005163,tubi-internal-epg,Reality
tt7670568,The Masked Singer,2019,"Family, Music, Reality-TV",tvSeries,300005163,tubi-internal-epg,Reality
tt7670568,The Masked Singer,2019,"Family, Music, Reality-TV",tvSeries,300005163,fox-entertainment,Reality
tt7670568,The Masked Singer,2019,"Family, Music, Reality-TV",tvSeries,300017977,shorthand-creator,Reality
tt7670568,The Masked Singer,2019,"Family, Music, Reality-TV",tvSeries,300005163,tubi-internal-epg,Reality
tt7670568,The Masked Singer,2019,"Family, Music, Reality-TV",tvSeries,300005163,fox-entertainment,Reality
tt7670568,The Masked Singer,2019,"Family, Music, Reality-TV",tvSeries,300005163,fox-entertainment,Reality
tt7670568,The Masked Singer,2019,"Family, Music, Reality-TV",tvSeries,300005163,tubi-internal-epg,Reality
tt7670568,The Masked Singer,2019,"Family, Music, Reality-TV",tvSeries,300005163,fox-entertainment,Reality
tt7670568,The Masked Singer,2019,"Family, Music, Reality-TV",tvSeries,300005163,fox-entertainment,Reality
tt7670568,The Masked Singer,2019,"Family, Music, Reality-TV",tvSeries,300005163,fox-entertainment,Reality
tt7670568,The Masked Singer,2019,"Family, Music, Reality-TV",tvSeries,300005163,fox-entertainment,Reality
tt7670568,The Masked Singer,2019,"Family, Music, Reality-TV",tvSeries,300005163,fox-entertainment,Reality
tt7670568,The Masked Singer,2019,"Family, Music, Reality-TV",tvSeries,300005163,fox-entertainment,Reality
tt7670568,The Masked Singer,2019,"Family, Music, Reality-TV",tvSeries,300017977,shorthand-creator,Reality
tt7670568,The Masked Singer,2019,"Family, Music, Reality-TV",tvSeries,300005163,fox-entertainment,Reality
tt7670568,The Masked Singer,2019,"Family, Music, Reality-TV",tvSeries,300005163,fox-entertainment,Reality
tt7670568,The Masked Singer,2019,"Family, Music, Reality-TV",tvSeries,300005163,fox-entertainment,Reality
tt7670568,The Masked Singer,2019,"Family, Music, Reality-TV",tvSeries,300005163,fox-entertainment,Reality
tt7670568,The Masked Singer,2019,"Family, Music, Reality-TV",tvSeries,300017977,shorthand-creator,Reality
tt7670568,The Masked Singer,2019,"Family, Music, Reality-TV",tvSeries,300005163,tubi-internal-epg,Reality
tt7670568,The Masked Singer,2019,"Family, Music, Reality-TV",tvSeries,300005163,fox-entertainment,Reality
tt7670568,The Masked Singer,2019,"Family, Music, Reality-TV",tvSeries,300005163,fox-entertainment,Reality
tt7670568,The Masked Singer,2019,"Family, Music, Reality-TV",tvSeries,300005163,fox-entertainment,Reality
tt7670568,The Masked Singer,2019,"Family, Music, Reality-TV",tvSeries,300005163,tubi-internal-epg,Reality
tt7670568,The Masked Singer,2019,"Family, Music, Reality-TV",tvSeries,300005163,fox-entertainment,Reality
tt10196500,Turquoise Fever,2019,"Family, Reality-TV, Western",tvSeries,300005089,imagicomm-entertainment,Reality
tt7670568,The Masked Singer,2019,"Family, Music, Reality-TV",tvSeries,300005163,tubi-internal-epg,Reality
tt7670568,The Masked Singer,2019,"Family, Music, Reality-TV",tvSeries,300018162,shorthand-creator,Reality
tt7670568,The Masked Singer,2019,"Family, Music, Reality-TV",tvSeries,300005163,fox-entertainment,Reality
tt7670568,The Masked Singer,2019,"Family, Music, Reality-TV",tvSeries,300018162,shorthand-creator,Reality
tt7670568,The Masked Singer,2019,"Family, Music, Reality-TV",tvSeries,300005163,fox-entertainment,Reality
tt7670568,The Masked Singer,2019,"Family, Music, Reality-TV",tvSeries,300005163,tubi-internal-epg,Reality
tt7670568,The Masked Singer,2019,"Family, Music, Reality-TV",tvSeries,600031190,fox-entertainment,
tt7670568,The Masked Singer,2019,"Family, Music, Reality-TV",tvSeries,300005163,fox-entertainment,Reality
tt7670568,The Masked Singer,2019,"Family, Music, Reality-TV",tvSeries,300017977,shorthand-creator,Reality
tt7670568,The Masked Singer,2019,"Family, Music, Reality-TV",tvSeries,300017977,shorthand-creator,Reality
tt7670568,The Masked Singer,2019,"Family, Music, Reality-TV",tvSeries,300005163,tubi-internal-epg,Reality
tt7670568,The Masked Singer,2019,"Family, Music, Reality-TV",tvSeries,300005163,tubi-internal-epg,Reality
tt7670568,The Masked Singer,2019,"Family, Music, Reality-TV",tvSeries,300005163,fox-entertainment,Reality
tt7670568,The Masked Singer,2019,"Family, Music, Reality-TV",tvSeries,300005163,fox-entertainment,Reality
tt7670568,The Masked Singer,2019,"Family, Music, Reality-TV",tvSeries,300018162,shorthand-creator,Reality
tt7670568,The Masked Singer,2019,"Family, Music, Reality-TV",tvSeries,300005163,fox-entertainment,Reality
tt7670568,The Masked Singer,2019,"Family, Music, Reality-TV",tvSeries,300018162,shorthand-creator,Reality
tt7670568,The Masked Singer,2019,"Family, Music, Reality-TV",tvSeries,300005163,fox-entertainment,Reality
tt7670568,The Masked Singer,2019,"Family, Music, Reality-TV",tvSeries,300005163,tubi-internal-epg,Reality
tt7670568,The Masked Singer,2019,"Family, Music, Reality-TV",tvSeries,300005163,fox-entertainment,Reality
tt7670568,The Masked Singer,2019,"Family, Music, Reality-TV",tvSeries,300005163,fox-entertainment,Reality
tt7670568,The Masked Singer,2019,"Family, Music, Reality-TV",tvSeries,300005163,fox-entertainment,Reality
tt10196500,Turquoise Fever,2019,"Family, Reality-TV, Western",tvSeries,300016652,imagicomm-entertainment,Reality
tt7670568,The Masked Singer,2019,"Family, Music, Reality-TV",tvSeries,300005163,fox-entertainment,Reality
tt7670568,The Masked Singer,2019,"Family, Music, Reality-TV",tvSeries,300018162,shorthand-creator,Reality
tt7670568,The Masked Singer,2019,"Family, Music, Reality-TV",tvSeries,300005163,fox-entertainment,Reality
tt7670568,The Masked Singer,2019,"Family, Music, Reality-TV",tvSeries,300005163,fox-entertainment,Reality
tt7670568,The Masked Singer,2019,"Family, Music, Reality-TV",tvSeries,300005163,fox-entertainment,Reality
tt7670568,The Masked Singer,2019,"Family, Music, Reality-TV",tvSeries,300005163,fox-entertainment,Reality
tt7670568,The Masked Singer,2019,"Family, Music, Reality-TV",tvSeries,300005163,tubi-internal-epg,Reality
tt7670568,The Masked Singer,2019,"Family, Music, Reality-TV",tvSeries,300005163,fox-entertainment,Reality
tt7670568,The Masked Singer,2019,"Family, Music, Reality-TV",tvSeries,300005163,tubi-internal-epg,Reality
tt7670568,The Masked Singer,2019,"Family, Music, Reality-TV",tvSeries,300018162,shorthand-creator,Reality
tt7670568,The Masked Singer,2019,"Family, Music, Reality-TV",tvSeries,300018162,shorthand-creator,Reality
tt9178462,Rich Kids Go Skint,2018,Reality-TV,tvSeries,300013545,endemol,Reality
tt9178462,Rich Kids Go Skint,2018,Reality-TV,tvSeries,300013545,endemol,Reality
tt9178462,Rich Kids Go Skint,2018,Reality-TV,tvSeries,300013545,endemol,Reality
tt9178462,Rich Kids Go Skint,2018,Reality-TV,tvSeries,300013545,endemol,Reality
tt9178462,Rich Kids Go Skint,2018,Reality-TV,tvSeries,300013545,endemol,Reality
tt9178462,Rich Kids Go Skint,2018,Reality-TV,tvSeries,300013545,endemol,Reality
tt9178462,Rich Kids Go Skint,2018,Reality-TV,tvSeries,300013545,endemol,Reality
tt9178462,Rich Kids Go Skint,2018,Reality-TV,tvSeries,300013545,endemol,Reality
tt9178462,Rich Kids Go Skint,2018,Reality-TV,tvSeries,300013545,endemol,Reality
tt9178462,Rich Kids Go Skint,2018,Reality-TV,tvSeries,300013545,endemol,Reality
tt9178462,Rich Kids Go Skint,2018,Reality-TV,tvSeries,300013545,endemol,Reality
tt9178462,Rich Kids Go Skint,2018,Reality-TV,tvSeries,300013545,endemol,Reality
tt9178462,Rich Kids Go Skint,2018,Reality-TV,tvSeries,300013545,endemol,Reality
tt9178462,Rich Kids Go Skint,2018,Reality-TV,tvSeries,300013545,endemol,Reality
tt9178462,Rich Kids Go Skint,2018,Reality-TV,tvSeries,300013545,endemol,Reality
tt9178462,Rich Kids Go Skint,2018,Reality-TV,tvSeries,300013545,endemol,Reality
tt9178462,Rich Kids Go Skint,2018,Reality-TV,tvSeries,300013545,endemol,Reality
tt9178462,Rich Kids Go Skint,2018,Reality-TV,tvSeries,300013545,endemol,Reality
tt9178462,Rich Kids Go Skint,2018,Reality-TV,tvSeries,300013545,endemol,Reality
tt9178462,Rich Kids Go Skint,2018,Reality-TV,tvSeries,300013545,endemol,Reality
tt9178462,Rich Kids Go Skint,2018,Reality-TV,tvSeries,300013545,endemol,Reality
tt9178462,Rich Kids Go Skint,2018,Reality-TV,tvSeries,300013545,endemol,Reality
tt9178462,Rich Kids Go Skint,2018,Reality-TV,tvSeries,300013545,endemol,Reality
tt9178462,Rich Kids Go Skint,2018,Reality-TV,tvSeries,300013545,endemol,Reality
tt9178462,Rich Kids Go Skint,2018,Reality-TV,tvSeries,300013545,endemol,Reality
tt9178462,Rich Kids Go Skint,2018,Reality-TV,tvSeries,300013545,endemol,Reality
tt9178462,Rich Kids Go Skint,2018,Reality-TV,tvSeries,300013545,endemol,Reality
tt9178462,Rich Kids Go Skint,2018,Reality-TV,tvSeries,300013545,endemol,Reality
tt9178462,Rich Kids Go Skint,2018,Reality-TV,tvSeries,300013545,endemol,Reality
tt9178462,Rich Kids Go Skint,2018,Reality-TV,tvSeries,300013545,endemol,Reality
tt9178462,Rich Kids Go Skint,2018,Reality-TV,tvSeries,300013545,endemol,Reality
tt9178462,Rich Kids Go Skint,2018,Reality-TV,tvSeries,300013545,endemol,Reality
tt9178462,Rich Kids Go Skint,2018,Reality-TV,tvSeries,300013545,endemol,Reality
tt9178462,Rich Kids Go Skint,2018,Reality-TV,tvSeries,300013545,endemol,Reality
tt9178462,Rich Kids Go Skint,2018,Reality-TV,tvSeries,300013545,endemol,Reality
tt9178462,Rich Kids Go Skint,2018,Reality-TV,tvSeries,300013545,endemol,Reality
tt9178462,Rich Kids Go Skint,2018,Reality-TV,tvSeries,300013545,endemol,Reality
tt9178462,Rich Kids Go Skint,2018,Reality-TV,tvSeries,300013545,endemol,Reality
tt9178462,Rich Kids Go Skint,2018,Reality-TV,tvSeries,300013545,endemol,Reality
tt9178462,Rich Kids Go Skint,2018,Reality-TV,tvSeries,300013545,endemol,Reality
tt9178462,Rich Kids Go Skint,2018,Reality-TV,tvSeries,300013545,endemol,Reality
tt9178462,Rich Kids Go Skint,2018,Reality-TV,tvSeries,300013545,endemol,Reality
tt9178462,Rich Kids Go Skint,2018,Reality-TV,tvSeries,300013545,endemol,Reality
tt9178462,Rich Kids Go Skint,2018,Reality-TV,tvSeries,300013545,endemol,Reality
tt9178462,Rich Kids Go Skint,2018,Reality-TV,tvSeries,300013545,endemol,Reality
tt9178462,Rich Kids Go Skint,2018,Reality-TV,tvSeries,300013545,endemol,Reality
tt9178462,Rich Kids Go Skint,2018,Reality-TV,tvSeries,300013545,endemol,Reality
tt8019316,Vegas Cakes,2017,"Family, Reality-TV",tvSeries,300010354,warner-bros-standard,Reality
tt8019316,Vegas Cakes,2017,"Family, Reality-TV",tvSeries,300010354,warner-bros-standard,Reality
tt8019316,Vegas Cakes,2017,"Family, Reality-TV",tvSeries,300010354,warner-bros-standard,Reality
tt8019316,Vegas Cakes,2017,"Family, Reality-TV",tvSeries,300010354,warner-bros-standard,Reality
tt8019316,Vegas Cakes,2017,"Family, Reality-TV",tvSeries,300010354,warner-bros-standard,Reality
tt8019316,Vegas Cakes,2017,"Family, Reality-TV",tvSeries,300010354,warner-bros-standard,Reality
tt8019316,Vegas Cakes,2017,"Family, Reality-TV",tvSeries,300010354,warner-bros-standard,Reality
tt8019316,Vegas Cakes,2017,"Family, Reality-TV",tvSeries,300010354,warner-bros-standard,Reality
tt8019316,Vegas Cakes,2017,"Family, Reality-TV",tvSeries,300010354,warner-bros-standard,Reality
tt8019316,Vegas Cakes,2017,"Family, Reality-TV",tvSeries,300010354,warner-bros-standard,Reality
tt8019316,Vegas Cakes,2017,"Family, Reality-TV",tvSeries,300010354,warner-bros-standard,Reality
tt8019316,Vegas Cakes,2017,"Family, Reality-TV",tvSeries,300010354,warner-bros-standard,Reality
tt8019316,Vegas Cakes,2017,"Family, Reality-TV",tvSeries,300010354,warner-bros-standard,Reality
tt8019316,Vegas Cakes,2017,"Family, Reality-TV",tvSeries,300010354,warner-bros-standard,Reality
tt8019316,Vegas Cakes,2017,"Family, Reality-TV",tvSeries,300010354,warner-bros-standard,Reality
tt8019316,Vegas Cakes,2017,"Family, Reality-TV",tvSeries,300010354,warner-bros-standard,Reality
tt8019316,Vegas Cakes,2017,"Family, Reality-TV",tvSeries,300010354,warner-bros-standard,Reality
tt8019316,Vegas Cakes,2017,"Family, Reality-TV",tvSeries,300010354,warner-bros-standard,Reality
tt8019316,Vegas Cakes,2017,"Family, Reality-TV",tvSeries,300010354,warner-bros-standard,Reality
tt8019316,Vegas Cakes,2017,"Family, Reality-TV",tvSeries,300010354,warner-bros-standard,Reality
tt8019316,Vegas Cakes,2017,"Family, Reality-TV",tvSeries,300010354,warner-bros-standard,Reality
tt8019316,Vegas Cakes,2017,"Family, Reality-TV",tvSeries,300010354,warner-bros-standard,Reality
tt8019316,Vegas Cakes,2017,"Family, Reality-TV",tvSeries,300010354,warner-bros-standard,Reality
tt7160132,Wyatt's Fort,2016,"Action, Comedy, Family, Fantasy, Musical, Reality-TV",tvSeries,300005690,bridgestone,Kids & Family
tt6117020,Worst Bakers in America,2016,"Family, Reality-TV",tvSeries,4782,all3-media,Reality
tt6117020,Worst Bakers in America,2016,"Family, Reality-TV",tvSeries,4782,all3-media,Reality
tt6117020,Worst Bakers in America,2016,"Family, Reality-TV",tvSeries,4782,all3-media,Reality
tt6117020,Worst Bakers in America,2016,"Family, Reality-TV",tvSeries,4782,all3-media,Reality
tt6117020,Worst Bakers in America,2016,"Family, Reality-TV",tvSeries,4782,all3-media,Reality
tt6117020,Worst Bakers in America,2016,"Family, Reality-TV",tvSeries,4782,all3-media,Reality
tt5804762,MasterChef Junior México,2016,Reality-TV,tvSeries,300006033,endemol,Reality
tt5804762,MasterChef Junior México,2016,Reality-TV,tvSeries,300006033,endemol,Reality
tt5804762,MasterChef Junior México,2016,Reality-TV,tvSeries,300006033,endemol,Reality
tt5804762,MasterChef Junior México,2016,Reality-TV,tvSeries,300006033,endemol,Reality
tt6059298,Rob & Chyna,2016,"Family, Reality-TV",tvSeries,300008362,nbcu,Reality
tt6059298,Rob & Chyna,2016,"Family, Reality-TV",tvSeries,300008362,nbcu,Reality
tt6059298,Rob & Chyna,2016,"Family, Reality-TV",tvSeries,300008362,nbcu,Reality
tt6059298,Rob & Chyna,2016,"Family, Reality-TV",tvSeries,300008362,nbcu,Reality
tt6059298,Rob & Chyna,2016,"Family, Reality-TV",tvSeries,300008362,nbcu,Reality
tt5804762,MasterChef Junior México,2016,Reality-TV,tvSeries,300006033,endemol,Reality
tt6059298,Rob & Chyna,2016,"Family, Reality-TV",tvSeries,300008362,nbcu,Reality
tt5804762,MasterChef Junior México,2016,Reality-TV,tvSeries,300006033,endemol,Reality
tt5804762,MasterChef Junior México,2016,Reality-TV,tvSeries,300006033,endemol,Reality
tt6059298,Rob & Chyna,2016,"Family, Reality-TV",tvSeries,300008362,nbcu,Reality
tt5804762,MasterChef Junior México,2016,Reality-TV,tvSeries,300006033,endemol,Reality
tt7160132,Wyatt's Fort,2016,"Action, Comedy, Family, Fantasy, Musical, Reality-TV",tvSeries,300005690,bridgestone,Kids & Family
tt7160132,Wyatt's Fort,2016,"Action, Comedy, Family, Fantasy, Musical, Reality-TV",tvSeries,300005690,bridgestone,Kids & Family
tt7160132,Wyatt's Fort,2016,"Action, Comedy, Family, Fantasy, Musical, Reality-TV",tvSeries,300005690,bridgestone,Kids & Family
tt7160132,Wyatt's Fort,2016,"Action, Comedy, Family, Fantasy, Musical, Reality-TV",tvSeries,300005690,bridgestone,Kids & Family
tt7160132,Wyatt's Fort,2016,"Action, Comedy, Family, Fantasy, Musical, Reality-TV",tvSeries,300005690,bridgestone,Kids & Family
tt7160132,Wyatt's Fort,2016,"Action, Comedy, Family, Fantasy, Musical, Reality-TV",tvSeries,300005690,bridgestone,Kids & Family
tt6225106,Positively Paula,2016,"Family, Reality-TV",tvSeries,300009160,legacy-distribution,
tt7160132,Wyatt's Fort,2016,"Action, Comedy, Family, Fantasy, Musical, Reality-TV",tvSeries,300005690,bridgestone,Kids & Family
tt7160132,Wyatt's Fort,2016,"Action, Comedy, Family, Fantasy, Musical, Reality-TV",tvSeries,300005690,bridgestone,Kids & Family
tt6225106,Positively Paula,2016,"Family, Reality-TV",tvSeries,300009160,legacy-distribution,
tt6225106,Positively Paula,2016,"Family, Reality-TV",tvSeries,300009160,legacy-distribution,
tt6225106,Positively Paula,2016,"Family, Reality-TV",tvSeries,300009160,legacy-distribution,
tt6225106,Positively Paula,2016,"Family, Reality-TV",tvSeries,300009160,legacy-distribution,
tt6225106,Positively Paula,2016,"Family, Reality-TV",tvSeries,300009160,legacy-distribution,
tt6117020,Worst Bakers in America,2016,"Family, Reality-TV",tvSeries,4782,all3-media,Reality
tt6225106,Positively Paula,2016,"Family, Reality-TV",tvSeries,300009160,legacy-distribution,
tt6225106,Positively Paula,2016,"Family, Reality-TV",tvSeries,300009160,legacy-distribution,
tt6225106,Positively Paula,2016,"Family, Reality-TV",tvSeries,300009160,legacy-distribution,
tt5804762,MasterChef Junior México,2016,Reality-TV,tvSeries,300006033,endemol,Reality
tt6225106,Positively Paula,2016,"Family, Reality-TV",tvSeries,300009160,legacy-distribution,
tt6225106,Positively Paula,2016,"Family, Reality-TV",tvSeries,300009160,legacy-distribution,
